[{"model": "admin.logentry", "pk": 1, "fields": {"action_time": "2023-08-31T11:48:35.217Z", "user": 1, "content_type": 10, "object_id": "1", "object_repr": "impetious", "action_flag": 1, "change_message": "[{\"added\": {}}]"}}, {"model": "admin.logentry", "pk": 2, "fields": {"action_time": "2023-08-31T11:48:57.479Z", "user": 1, "content_type": 10, "object_id": "2", "object_repr": "frontrunners", "action_flag": 1, "change_message": "[{\"added\": {}}]"}}, {"model": "admin.logentry", "pk": 3, "fields": {"action_time": "2023-08-31T11:49:32.404Z", "user": 1, "content_type": 6, "object_id": "1", "object_repr": "victoria (Victoria Wilmington)", "action_flag": 2, "change_message": "[{\"changed\": {\"fields\": [\"First name\", \"Last name\", \"Team\"]}}]"}}, {"model": "admin.logentry", "pk": 4, "fields": {"action_time": "2023-08-31T11:50:16.209Z", "user": 1, "content_type": 6, "object_id": "2", "object_repr": "valerie ( )", "action_flag": 1, "change_message": "[{\"added\": {}}]"}}, {"model": "admin.logentry", "pk": 5, "fields": {"action_time": "2023-08-31T11:50:52.096Z", "user": 1, "content_type": 6, "object_id": "2", "object_repr": "valerie (Varia Chernenko)", "action_flag": 2, "change_message": "[{\"changed\": {\"fields\": [\"First name\", \"Last name\"]}}]"}}, {"model": "admin.logentry", "pk": 6, "fields": {"action_time": "2023-08-31T11:51:04.243Z", "user": 1, "content_type": 6, "object_id": "1", "object_repr": "victoria (Victoria Wilmington)", "action_flag": 2, "change_message": "[]"}}, {"model": "admin.logentry", "pk": 7, "fields": {"action_time": "2023-08-31T11:53:38.113Z", "user": 1, "content_type": 9, "object_id": "1", "object_repr": "functioning", "action_flag": 1, "change_message": "[{\"added\": {}}]"}}, {"model": "admin.logentry", "pk": 8, "fields": {"action_time": "2023-08-31T11:53:55.545Z", "user": 1, "content_type": 9, "object_id": "2", "object_repr": "design", "action_flag": 1, "change_message": "[{\"added\": {}}]"}}, {"model": "admin.logentry", "pk": 9, "fields": {"action_time": "2023-08-31T11:57:52.867Z", "user": 1, "content_type": 6, "object_id": "2", "object_repr": "valerie (Varia Chernenko)", "action_flag": 2, "change_message": "[{\"changed\": {\"fields\": [\"Team\"]}}]"}}, {"model": "admin.logentry", "pk": 10, "fields": {"action_time": "2023-09-01T16:56:19.841Z", "user": 1, "content_type": 12, "object_id": "19", "object_repr": "Task GG (priority: A)", "action_flag": 2, "change_message": "[{\"changed\": {\"fields\": [\"Tags\"]}}]"}}, {"model": "admin.logentry", "pk": 11, "fields": {"action_time": "2023-09-01T16:59:37.864Z", "user": 1, "content_type": 12, "object_id": "19", "object_repr": "Task GG (priority: A)", "action_flag": 2, "change_message": "[]"}}, {"model": "admin.logentry", "pk": 12, "fields": {"action_time": "2023-09-01T17:01:20.250Z", "user": 1, "content_type": 12, "object_id": "19", "object_repr": "Task GG (priority: A)", "action_flag": 2, "change_message": "[{\"changed\": {\"fields\": [\"Tags\"]}}]"}}, {"model": "admin.logentry", "pk": 13, "fields": {"action_time": "2023-09-02T08:36:11.314Z", "user": 1, "content_type": 6, "object_id": "1", "object_repr": "victoria (Victoria Wilmington)", "action_flag": 2, "change_message": "[{\"changed\": {\"fields\": [\"Team\"]}}]"}}, {"model": "admin.logentry", "pk": 14, "fields": {"action_time": "2023-09-02T09:40:21.939Z", "user": 1, "content_type": 13, "object_id": "12", "object_repr": "Project 4", "action_flag": 3, "change_message": ""}}, {"model": "admin.logentry", "pk": 15, "fields": {"action_time": "2023-09-03T09:49:54.189Z", "user": 1, "content_type": 7, "object_id": "1", "object_repr": "Developer", "action_flag": 1, "change_message": "[{\"added\": {}}]"}}, {"model": "admin.logentry", "pk": 16, "fields": {"action_time": "2023-09-03T09:50:14.620Z", "user": 1, "content_type": 7, "object_id": "2", "object_repr": "Architect", "action_flag": 1, "change_message": "[{\"added\": {}}]"}}, {"model": "admin.logentry", "pk": 17, "fields": {"action_time": "2023-09-03T09:51:54.460Z", "user": 1, "content_type": 7, "object_id": "1", "object_repr": "Developer", "action_flag": 2, "change_message": "[{\"changed\": {\"fields\": [\"Duties\"]}}]"}}, {"model": "admin.logentry", "pk": 18, "fields": {"action_time": "2023-09-06T16:35:04.335Z", "user": 1, "content_type": 12, "object_id": "13", "object_repr": "Ñ (priority: A)", "action_flag": 3, "change_message": ""}}, {"model": "admin.logentry", "pk": 19, "fields": {"action_time": "2023-09-07T15:27:27.939Z", "user": 1, "content_type": 6, "object_id": "3", "object_repr": "wildcat ( )", "action_flag": 1, "change_message": "[{\"added\": {}}]"}}, {"model": "admin.logentry", "pk": 20, "fields": {"action_time": "2023-09-07T15:28:38.174Z", "user": 1, "content_type": 6, "object_id": "4", "object_repr": "sparklelady ( )", "action_flag": 1, "change_message": "[{\"added\": {}}]"}}, {"model": "admin.logentry", "pk": 21, "fields": {"action_time": "2023-09-07T15:29:19.295Z", "user": 1, "content_type": 6, "object_id": "4", "object_repr": "sparklelady (Jean Ferguson)", "action_flag": 2, "change_message": "[{\"changed\": {\"fields\": [\"First name\", \"Last name\"]}}]"}}, {"model": "admin.logentry", "pk": 22, "fields": {"action_time": "2023-09-07T15:31:42.113Z", "user": 1, "content_type": 6, "object_id": "5", "object_repr": "celestial ( )", "action_flag": 1, "change_message": "[{\"added\": {}}]"}}, {"model": "admin.logentry", "pk": 23, "fields": {"action_time": "2023-09-08T17:27:14.864Z", "user": 1, "content_type": 12, "object_id": "28", "object_repr": "Testing task (priority: A)", "action_flag": 3, "change_message": ""}}, {"model": "admin.logentry", "pk": 24, "fields": {"action_time": "2023-09-08T18:09:46.321Z", "user": 1, "content_type": 13, "object_id": "16", "object_repr": "Project 7_1", "action_flag": 2, "change_message": "[{\"changed\": {\"fields\": [\"Funds used\"]}}]"}}, {"model": "admin.logentry", "pk": 25, "fields": {"action_time": "2023-09-08T18:11:40.438Z", "user": 1, "content_type": 13, "object_id": "15", "object_repr": "Project 6", "action_flag": 2, "change_message": "[{\"changed\": {\"fields\": [\"Funds used\", \"Progress\"]}}]"}}, {"model": "admin.logentry", "pk": 26, "fields": {"action_time": "2023-09-08T18:12:13.298Z", "user": 1, "content_type": 13, "object_id": "14", "object_repr": "Project 5", "action_flag": 2, "change_message": "[{\"changed\": {\"fields\": [\"Funds used\", \"Progress\"]}}]"}}, {"model": "admin.logentry", "pk": 27, "fields": {"action_time": "2023-09-08T18:12:38.012Z", "user": 1, "content_type": 13, "object_id": "13", "object_repr": "Project 5", "action_flag": 2, "change_message": "[{\"changed\": {\"fields\": [\"Funds used\", \"Progress\"]}}]"}}, {"model": "admin.logentry", "pk": 28, "fields": {"action_time": "2023-09-08T18:12:55.843Z", "user": 1, "content_type": 13, "object_id": "11", "object_repr": "Project 2_1_2", "action_flag": 2, "change_message": "[{\"changed\": {\"fields\": [\"Funds used\", \"Progress\"]}}]"}}, {"model": "admin.logentry", "pk": 29, "fields": {"action_time": "2023-09-08T18:13:14.143Z", "user": 1, "content_type": 13, "object_id": "10", "object_repr": "Project 2_1_1", "action_flag": 2, "change_message": "[{\"changed\": {\"fields\": [\"Funds used\", \"Progress\"]}}]"}}, {"model": "admin.logentry", "pk": 30, "fields": {"action_time": "2023-09-08T18:13:36.357Z", "user": 1, "content_type": 13, "object_id": "9", "object_repr": "Project 2_1_1", "action_flag": 2, "change_message": "[{\"changed\": {\"fields\": [\"Funds used\", \"Progress\"]}}]"}}, {"model": "admin.logentry", "pk": 31, "fields": {"action_time": "2023-09-08T18:14:43.340Z", "user": 1, "content_type": 13, "object_id": "8", "object_repr": "Project LSL", "action_flag": 2, "change_message": "[{\"changed\": {\"fields\": [\"Funds used\", \"Progress\"]}}]"}}, {"model": "admin.logentry", "pk": 32, "fields": {"action_time": "2023-09-08T18:14:59.361Z", "user": 1, "content_type": 13, "object_id": "7", "object_repr": "Project 2_1_2", "action_flag": 2, "change_message": "[{\"changed\": {\"fields\": [\"Funds used\", \"Progress\"]}}]"}}, {"model": "admin.logentry", "pk": 33, "fields": {"action_time": "2023-09-08T18:15:17.526Z", "user": 1, "content_type": 13, "object_id": "6", "object_repr": "Project 7", "action_flag": 2, "change_message": "[{\"changed\": {\"fields\": [\"Funds used\", \"Progress\"]}}]"}}, {"model": "admin.logentry", "pk": 34, "fields": {"action_time": "2023-09-08T18:15:35.948Z", "user": 1, "content_type": 13, "object_id": "5", "object_repr": "Project 6", "action_flag": 2, "change_message": "[{\"changed\": {\"fields\": [\"Funds used\", \"Progress\"]}}]"}}, {"model": "admin.logentry", "pk": 35, "fields": {"action_time": "2023-09-08T18:15:52.646Z", "user": 1, "content_type": 13, "object_id": "4", "object_repr": "create design of page 1000", "action_flag": 3, "change_message": ""}}, {"model": "admin.logentry", "pk": 36, "fields": {"action_time": "2023-09-08T18:16:08.618Z", "user": 1, "content_type": 13, "object_id": "3", "object_repr": "create design of page 1000", "action_flag": 3, "change_message": ""}}, {"model": "admin.logentry", "pk": 37, "fields": {"action_time": "2023-09-08T18:16:19.843Z", "user": 1, "content_type": 13, "object_id": "2", "object_repr": "create design of page", "action_flag": 3, "change_message": ""}}, {"model": "admin.logentry", "pk": 38, "fields": {"action_time": "2023-09-08T18:16:32.591Z", "user": 1, "content_type": 13, "object_id": "1", "object_repr": "create design of page", "action_flag": 3, "change_message": ""}}, {"model": "admin.logentry", "pk": 39, "fields": {"action_time": "2023-09-08T18:18:12.236Z", "user": 1, "content_type": 13, "object_id": "16", "object_repr": "Project 7_1", "action_flag": 2, "change_message": "[{\"changed\": {\"fields\": [\"Progress\"]}}]"}}, {"model": "admin.logentry", "pk": 40, "fields": {"action_time": "2023-09-08T18:18:58.662Z", "user": 1, "content_type": 13, "object_id": "16", "object_repr": "Project 7_1", "action_flag": 2, "change_message": "[{\"changed\": {\"fields\": [\"Progress\"]}}]"}}, {"model": "admin.logentry", "pk": 41, "fields": {"action_time": "2023-09-08T18:19:23.654Z", "user": 1, "content_type": 13, "object_id": "16", "object_repr": "Project 7_1", "action_flag": 2, "change_message": "[{\"changed\": {\"fields\": [\"Funds used\"]}}]"}}, {"model": "admin.logentry", "pk": 42, "fields": {"action_time": "2023-09-08T18:19:44.776Z", "user": 1, "content_type": 13, "object_id": "16", "object_repr": "Project 7_1", "action_flag": 2, "change_message": "[{\"changed\": {\"fields\": [\"Funds used\"]}}]"}}, {"model": "admin.logentry", "pk": 72, "fields": {"action_time": "2023-09-09T11:11:31.413Z", "user": 1, "content_type": 13, "object_id": "17", "object_repr": "project exclusive", "action_flag": 2, "change_message": "[{\"changed\": {\"fields\": [\"Funds used\"]}}]"}}, {"model": "admin.logentry", "pk": 73, "fields": {"action_time": "2023-09-09T11:16:05.068Z", "user": 1, "content_type": 13, "object_id": "17", "object_repr": "project exclusive", "action_flag": 2, "change_message": "[{\"changed\": {\"fields\": [\"Funds used\"]}}]"}}, {"model": "admin.logentry", "pk": 74, "fields": {"action_time": "2023-09-09T11:17:47.771Z", "user": 1, "content_type": 13, "object_id": "16", "object_repr": "Project 7_1", "action_flag": 2, "change_message": "[{\"changed\": {\"fields\": [\"Funds used\"]}}]"}}, {"model": "admin.logentry", "pk": 75, "fields": {"action_time": "2023-09-09T11:40:23.700Z", "user": 1, "content_type": 13, "object_id": "17", "object_repr": "project exclusive", "action_flag": 2, "change_message": "[{\"changed\": {\"fields\": [\"Funds used\"]}}]"}}, {"model": "admin.logentry", "pk": 76, "fields": {"action_time": "2023-09-09T11:41:40.828Z", "user": 1, "content_type": 13, "object_id": "6", "object_repr": "Project 7", "action_flag": 2, "change_message": "[{\"changed\": {\"fields\": [\"Funds used\"]}}]"}}, {"model": "admin.logentry", "pk": 77, "fields": {"action_time": "2023-09-09T11:42:03.848Z", "user": 1, "content_type": 13, "object_id": "8", "object_repr": "Project LSL", "action_flag": 2, "change_message": "[{\"changed\": {\"fields\": [\"Funds used\"]}}]"}}, {"model": "admin.logentry", "pk": 78, "fields": {"action_time": "2023-09-09T11:42:22.248Z", "user": 1, "content_type": 13, "object_id": "8", "object_repr": "Project LSL", "action_flag": 2, "change_message": "[{\"changed\": {\"fields\": [\"Funds used\"]}}]"}}, {"model": "admin.logentry", "pk": 79, "fields": {"action_time": "2023-09-09T11:43:22.757Z", "user": 1, "content_type": 13, "object_id": "17", "object_repr": "project exclusive", "action_flag": 2, "change_message": "[{\"changed\": {\"fields\": [\"Funds used\"]}}]"}}, {"model": "admin.logentry", "pk": 80, "fields": {"action_time": "2023-09-09T11:44:25.950Z", "user": 1, "content_type": 13, "object_id": "17", "object_repr": "project exclusive", "action_flag": 2, "change_message": "[{\"changed\": {\"fields\": [\"Funds used\"]}}]"}}, {"model": "admin.logentry", "pk": 81, "fields": {"action_time": "2023-09-09T11:45:03.349Z", "user": 1, "content_type": 13, "object_id": "16", "object_repr": "Project 7_1", "action_flag": 2, "change_message": "[]"}}, {"model": "admin.logentry", "pk": 82, "fields": {"action_time": "2023-09-09T11:48:48.194Z", "user": 1, "content_type": 13, "object_id": "17", "object_repr": "project exclusive", "action_flag": 2, "change_message": "[{\"changed\": {\"fields\": [\"Funds used\"]}}]"}}, {"model": "admin.logentry", "pk": 83, "fields": {"action_time": "2023-09-09T11:48:57.285Z", "user": 1, "content_type": 13, "object_id": "16", "object_repr": "Project 7_1", "action_flag": 2, "change_message": "[]"}}, {"model": "admin.logentry", "pk": 84, "fields": {"action_time": "2023-09-09T11:49:20.349Z", "user": 1, "content_type": 13, "object_id": "17", "object_repr": "project exclusive", "action_flag": 2, "change_message": "[{\"changed\": {\"fields\": [\"Funds used\"]}}]"}}, {"model": "admin.logentry", "pk": 85, "fields": {"action_time": "2023-09-09T11:58:54.770Z", "user": 1, "content_type": 13, "object_id": "17", "object_repr": "project exclusive", "action_flag": 2, "change_message": "[{\"changed\": {\"fields\": [\"Funds used\"]}}]"}}, {"model": "admin.logentry", "pk": 86, "fields": {"action_time": "2023-09-09T11:59:07.879Z", "user": 1, "content_type": 13, "object_id": "16", "object_repr": "Project 7_1", "action_flag": 2, "change_message": "[{\"changed\": {\"fields\": [\"Funds used\"]}}]"}}, {"model": "admin.logentry", "pk": 87, "fields": {"action_time": "2023-09-09T11:59:43.723Z", "user": 1, "content_type": 13, "object_id": "17", "object_repr": "project exclusive", "action_flag": 2, "change_message": "[{\"changed\": {\"fields\": [\"Funds used\"]}}]"}}, {"model": "admin.logentry", "pk": 88, "fields": {"action_time": "2023-09-09T13:09:50.868Z", "user": 1, "content_type": 13, "object_id": "14", "object_repr": "Project 5", "action_flag": 3, "change_message": ""}}, {"model": "admin.logentry", "pk": 89, "fields": {"action_time": "2023-09-09T13:10:04.103Z", "user": 1, "content_type": 13, "object_id": "7", "object_repr": "Project 2_1_2", "action_flag": 3, "change_message": ""}}, {"model": "admin.logentry", "pk": 90, "fields": {"action_time": "2023-09-09T13:10:17.208Z", "user": 1, "content_type": 13, "object_id": "15", "object_repr": "Project 6_1_1", "action_flag": 3, "change_message": ""}}, {"model": "admin.logentry", "pk": 91, "fields": {"action_time": "2023-09-09T13:10:29.593Z", "user": 1, "content_type": 13, "object_id": "9", "object_repr": "Project 2_1_1", "action_flag": 3, "change_message": ""}}, {"model": "admin.logentry", "pk": 92, "fields": {"action_time": "2023-09-09T13:10:41.085Z", "user": 1, "content_type": 13, "object_id": "10", "object_repr": "Project 2_1_1", "action_flag": 3, "change_message": ""}}, {"model": "admin.logentry", "pk": 93, "fields": {"action_time": "2023-09-09T13:10:57.046Z", "user": 1, "content_type": 13, "object_id": "11", "object_repr": "Project 2_1_2", "action_flag": 3, "change_message": ""}}, {"model": "admin.logentry", "pk": 94, "fields": {"action_time": "2023-09-09T13:12:14.190Z", "user": 1, "content_type": 13, "object_id": "8", "object_repr": "Project LSL", "action_flag": 2, "change_message": "[{\"changed\": {\"fields\": [\"Progress\"]}}]"}}, {"model": "admin.logentry", "pk": 95, "fields": {"action_time": "2023-09-09T13:14:03.374Z", "user": 1, "content_type": 13, "object_id": "13", "object_repr": "Project 5", "action_flag": 2, "change_message": "[{\"changed\": {\"fields\": [\"Funds used\"]}}]"}}, {"model": "admin.logentry", "pk": 96, "fields": {"action_time": "2023-09-09T13:14:25.820Z", "user": 1, "content_type": 13, "object_id": "5", "object_repr": "Project 6", "action_flag": 2, "change_message": "[{\"changed\": {\"fields\": [\"Funds used\"]}}]"}}, {"model": "admin.logentry", "pk": 97, "fields": {"action_time": "2023-09-09T13:14:49.146Z", "user": 1, "content_type": 13, "object_id": "6", "object_repr": "Project 7", "action_flag": 2, "change_message": "[{\"changed\": {\"fields\": [\"Funds used\"]}}]"}}, {"model": "admin.logentry", "pk": 130, "fields": {"action_time": "2023-09-09T13:53:17.012Z", "user": 1, "content_type": 13, "object_id": "8", "object_repr": "Project LSL", "action_flag": 2, "change_message": "[{\"changed\": {\"fields\": [\"Funds used\"]}}]"}}, {"model": "admin.logentry", "pk": 131, "fields": {"action_time": "2023-09-09T13:53:36.420Z", "user": 1, "content_type": 13, "object_id": "16", "object_repr": "Project 7_1", "action_flag": 2, "change_message": "[{\"changed\": {\"fields\": [\"Funds used\"]}}]"}}, {"model": "admin.logentry", "pk": 132, "fields": {"action_time": "2023-09-09T14:05:01.714Z", "user": 1, "content_type": 13, "object_id": "17", "object_repr": "project exclusive", "action_flag": 2, "change_message": "[{\"changed\": {\"fields\": [\"Funds used\"]}}]"}}, {"model": "admin.logentry", "pk": 133, "fields": {"action_time": "2023-09-09T14:05:51.495Z", "user": 1, "content_type": 13, "object_id": "17", "object_repr": "project exclusive", "action_flag": 2, "change_message": "[{\"changed\": {\"fields\": [\"Funds used\"]}}]"}}, {"model": "admin.logentry", "pk": 134, "fields": {"action_time": "2023-09-09T14:06:37.240Z", "user": 1, "content_type": 13, "object_id": "13", "object_repr": "Project 5", "action_flag": 2, "change_message": "[{\"changed\": {\"fields\": [\"Funds used\"]}}]"}}, {"model": "admin.logentry", "pk": 135, "fields": {"action_time": "2023-09-09T14:06:38.319Z", "user": 1, "content_type": 13, "object_id": "13", "object_repr": "Project 5", "action_flag": 2, "change_message": "[]"}}, {"model": "admin.logentry", "pk": 136, "fields": {"action_time": "2023-09-09T14:13:39.564Z", "user": 1, "content_type": 13, "object_id": "6", "object_repr": "Project 7", "action_flag": 2, "change_message": "[{\"changed\": {\"fields\": [\"Progress\"]}}]"}}, {"model": "admin.logentry", "pk": 137, "fields": {"action_time": "2023-09-09T14:14:04.785Z", "user": 1, "content_type": 13, "object_id": "13", "object_repr": "Project 5", "action_flag": 2, "change_message": "[{\"changed\": {\"fields\": [\"Progress\"]}}]"}}, {"model": "admin.logentry", "pk": 138, "fields": {"action_time": "2023-09-09T14:15:12.139Z", "user": 1, "content_type": 13, "object_id": "17", "object_repr": "project exclusive", "action_flag": 2, "change_message": "[{\"changed\": {\"fields\": [\"Funds used\"]}}]"}}, {"model": "admin.logentry", "pk": 139, "fields": {"action_time": "2023-09-09T14:15:30.296Z", "user": 1, "content_type": 13, "object_id": "8", "object_repr": "Project LSL", "action_flag": 2, "change_message": "[{\"changed\": {\"fields\": [\"Funds used\"]}}]"}}, {"model": "admin.logentry", "pk": 140, "fields": {"action_time": "2023-09-09T14:15:42.456Z", "user": 1, "content_type": 13, "object_id": "16", "object_repr": "Project 7_1", "action_flag": 2, "change_message": "[{\"changed\": {\"fields\": [\"Funds used\"]}}]"}}, {"model": "admin.logentry", "pk": 141, "fields": {"action_time": "2023-09-09T14:16:50.625Z", "user": 1, "content_type": 13, "object_id": "17", "object_repr": "project exclusive", "action_flag": 2, "change_message": "[{\"changed\": {\"fields\": [\"Funds used\"]}}]"}}, {"model": "admin.logentry", "pk": 142, "fields": {"action_time": "2023-09-09T14:19:00.235Z", "user": 1, "content_type": 13, "object_id": "8", "object_repr": "Project LSL", "action_flag": 2, "change_message": "[{\"changed\": {\"fields\": [\"Funds used\"]}}]"}}, {"model": "admin.logentry", "pk": 143, "fields": {"action_time": "2023-09-09T14:19:19.870Z", "user": 1, "content_type": 13, "object_id": "8", "object_repr": "Project LSL", "action_flag": 2, "change_message": "[{\"changed\": {\"fields\": [\"Funds used\"]}}]"}}, {"model": "admin.logentry", "pk": 144, "fields": {"action_time": "2023-09-09T14:19:40.995Z", "user": 1, "content_type": 13, "object_id": "17", "object_repr": "project exclusive", "action_flag": 2, "change_message": "[{\"changed\": {\"fields\": [\"Funds used\"]}}]"}}, {"model": "admin.logentry", "pk": 145, "fields": {"action_time": "2023-09-09T14:20:11.482Z", "user": 1, "content_type": 13, "object_id": "17", "object_repr": "project exclusive", "action_flag": 2, "change_message": "[{\"changed\": {\"fields\": [\"Funds used\"]}}]"}}, {"model": "admin.logentry", "pk": 146, "fields": {"action_time": "2023-09-09T14:20:23.442Z", "user": 1, "content_type": 13, "object_id": "16", "object_repr": "Project 7_1", "action_flag": 2, "change_message": "[]"}}, {"model": "admin.logentry", "pk": 147, "fields": {"action_time": "2023-09-09T14:24:27.917Z", "user": 1, "content_type": 13, "object_id": "13", "object_repr": "Project 5", "action_flag": 2, "change_message": "[{\"changed\": {\"fields\": [\"Funds used\"]}}]"}}, {"model": "admin.logentry", "pk": 148, "fields": {"action_time": "2023-09-09T14:37:50.888Z", "user": 1, "content_type": 13, "object_id": "17", "object_repr": "project exclusive", "action_flag": 2, "change_message": "[{\"changed\": {\"fields\": [\"Funds used\"]}}]"}}, {"model": "admin.logentry", "pk": 149, "fields": {"action_time": "2023-09-09T14:38:02.454Z", "user": 1, "content_type": 13, "object_id": "16", "object_repr": "Project 7_1", "action_flag": 2, "change_message": "[{\"changed\": {\"fields\": [\"Funds used\"]}}]"}}, {"model": "admin.logentry", "pk": 150, "fields": {"action_time": "2023-09-09T14:38:21.669Z", "user": 1, "content_type": 13, "object_id": "8", "object_repr": "Project LSL", "action_flag": 2, "change_message": "[]"}}, {"model": "admin.logentry", "pk": 151, "fields": {"action_time": "2023-09-09T14:39:20.726Z", "user": 1, "content_type": 13, "object_id": "17", "object_repr": "project exclusive", "action_flag": 2, "change_message": "[{\"changed\": {\"fields\": [\"Funds used\"]}}]"}}, {"model": "admin.logentry", "pk": 152, "fields": {"action_time": "2023-09-09T14:40:51.051Z", "user": 1, "content_type": 13, "object_id": "16", "object_repr": "Project 7_1", "action_flag": 2, "change_message": "[{\"changed\": {\"fields\": [\"Funds used\"]}}]"}}, {"model": "admin.logentry", "pk": 153, "fields": {"action_time": "2023-09-09T14:42:01.530Z", "user": 1, "content_type": 13, "object_id": "16", "object_repr": "Project 7_1", "action_flag": 2, "change_message": "[{\"changed\": {\"fields\": [\"Funds used\"]}}]"}}, {"model": "admin.logentry", "pk": 154, "fields": {"action_time": "2023-09-09T14:42:36.545Z", "user": 1, "content_type": 13, "object_id": "16", "object_repr": "Project 7_1", "action_flag": 2, "change_message": "[{\"changed\": {\"fields\": [\"Funds used\"]}}]"}}, {"model": "admin.logentry", "pk": 155, "fields": {"action_time": "2023-09-09T14:44:06.771Z", "user": 1, "content_type": 13, "object_id": "16", "object_repr": "Project 7_1", "action_flag": 2, "change_message": "[{\"changed\": {\"fields\": [\"Funds used\"]}}]"}}, {"model": "admin.logentry", "pk": 156, "fields": {"action_time": "2023-09-09T14:44:21.239Z", "user": 1, "content_type": 13, "object_id": "8", "object_repr": "Project LSL", "action_flag": 2, "change_message": "[{\"changed\": {\"fields\": [\"Funds used\"]}}]"}}, {"model": "admin.logentry", "pk": 157, "fields": {"action_time": "2023-09-09T14:44:41.992Z", "user": 1, "content_type": 13, "object_id": "17", "object_repr": "project exclusive", "action_flag": 2, "change_message": "[{\"changed\": {\"fields\": [\"Funds used\"]}}]"}}, {"model": "admin.logentry", "pk": 158, "fields": {"action_time": "2023-09-09T14:45:23.762Z", "user": 1, "content_type": 13, "object_id": "16", "object_repr": "Project 7_1", "action_flag": 2, "change_message": "[{\"changed\": {\"fields\": [\"Funds used\"]}}]"}}, {"model": "admin.logentry", "pk": 159, "fields": {"action_time": "2023-09-09T14:47:03.625Z", "user": 1, "content_type": 13, "object_id": "17", "object_repr": "project exclusive", "action_flag": 2, "change_message": "[{\"changed\": {\"fields\": [\"Funds used\"]}}]"}}, {"model": "admin.logentry", "pk": 160, "fields": {"action_time": "2023-09-09T14:47:14.114Z", "user": 1, "content_type": 13, "object_id": "16", "object_repr": "Project 7_1", "action_flag": 2, "change_message": "[{\"changed\": {\"fields\": [\"Funds used\"]}}]"}}, {"model": "admin.logentry", "pk": 161, "fields": {"action_time": "2023-09-09T14:48:13.458Z", "user": 1, "content_type": 13, "object_id": "8", "object_repr": "Project LSL", "action_flag": 2, "change_message": "[{\"changed\": {\"fields\": [\"Funds used\"]}}]"}}, {"model": "admin.logentry", "pk": 162, "fields": {"action_time": "2023-09-09T14:54:08.469Z", "user": 1, "content_type": 13, "object_id": "16", "object_repr": "Project 7_1", "action_flag": 2, "change_message": "[{\"changed\": {\"fields\": [\"Funds used\"]}}]"}}, {"model": "admin.logentry", "pk": 163, "fields": {"action_time": "2023-09-09T15:27:12.803Z", "user": 1, "content_type": 13, "object_id": "8", "object_repr": "Project LSL", "action_flag": 2, "change_message": "[{\"changed\": {\"fields\": [\"Funds used\"]}}]"}}, {"model": "admin.logentry", "pk": 164, "fields": {"action_time": "2023-09-09T15:27:26.871Z", "user": 1, "content_type": 13, "object_id": "16", "object_repr": "Project 7_1", "action_flag": 2, "change_message": "[{\"changed\": {\"fields\": [\"Funds used\"]}}]"}}, {"model": "admin.logentry", "pk": 165, "fields": {"action_time": "2023-09-09T15:28:03.119Z", "user": 1, "content_type": 13, "object_id": "8", "object_repr": "Project LSL", "action_flag": 2, "change_message": "[{\"changed\": {\"fields\": [\"Funds used\"]}}]"}}, {"model": "admin.logentry", "pk": 166, "fields": {"action_time": "2023-09-09T15:33:08.179Z", "user": 1, "content_type": 13, "object_id": "17", "object_repr": "project exclusive", "action_flag": 2, "change_message": "[{\"changed\": {\"fields\": [\"Funds used\"]}}]"}}, {"model": "admin.logentry", "pk": 167, "fields": {"action_time": "2023-09-09T15:33:36.266Z", "user": 1, "content_type": 13, "object_id": "8", "object_repr": "Project LSL", "action_flag": 2, "change_message": "[{\"changed\": {\"fields\": [\"Funds used\"]}}]"}}, {"model": "admin.logentry", "pk": 168, "fields": {"action_time": "2023-09-09T15:43:31.404Z", "user": 1, "content_type": 13, "object_id": "13", "object_repr": "Project 5", "action_flag": 2, "change_message": "[{\"changed\": {\"fields\": [\"Funds used\"]}}]"}}, {"model": "admin.logentry", "pk": 169, "fields": {"action_time": "2023-09-09T15:43:42.602Z", "user": 1, "content_type": 13, "object_id": "5", "object_repr": "Project 6", "action_flag": 2, "change_message": "[{\"changed\": {\"fields\": [\"Funds used\"]}}]"}}, {"model": "admin.logentry", "pk": 170, "fields": {"action_time": "2023-09-09T15:43:54.345Z", "user": 1, "content_type": 13, "object_id": "6", "object_repr": "Project 7", "action_flag": 2, "change_message": "[{\"changed\": {\"fields\": [\"Funds used\"]}}]"}}, {"model": "admin.logentry", "pk": 171, "fields": {"action_time": "2023-09-09T15:44:30.948Z", "user": 1, "content_type": 13, "object_id": "13", "object_repr": "Project 5", "action_flag": 2, "change_message": "[{\"changed\": {\"fields\": [\"Funds used\"]}}]"}}, {"model": "admin.logentry", "pk": 172, "fields": {"action_time": "2023-09-09T15:44:44.045Z", "user": 1, "content_type": 13, "object_id": "5", "object_repr": "Project 6", "action_flag": 2, "change_message": "[{\"changed\": {\"fields\": [\"Funds used\"]}}]"}}, {"model": "admin.logentry", "pk": 173, "fields": {"action_time": "2023-09-09T15:45:00.235Z", "user": 1, "content_type": 13, "object_id": "6", "object_repr": "Project 7", "action_flag": 2, "change_message": "[{\"changed\": {\"fields\": [\"Funds used\"]}}]"}}, {"model": "admin.logentry", "pk": 174, "fields": {"action_time": "2023-09-09T15:45:23.917Z", "user": 1, "content_type": 13, "object_id": "13", "object_repr": "Project 5", "action_flag": 2, "change_message": "[{\"changed\": {\"fields\": [\"Funds used\"]}}]"}}, {"model": "admin.logentry", "pk": 175, "fields": {"action_time": "2023-09-09T15:46:36.318Z", "user": 1, "content_type": 13, "object_id": "13", "object_repr": "Project 5", "action_flag": 2, "change_message": "[{\"changed\": {\"fields\": [\"Funds used\"]}}]"}}, {"model": "admin.logentry", "pk": 176, "fields": {"action_time": "2023-09-09T15:46:49.673Z", "user": 1, "content_type": 13, "object_id": "5", "object_repr": "Project 6", "action_flag": 2, "change_message": "[{\"changed\": {\"fields\": [\"Funds used\"]}}]"}}, {"model": "admin.logentry", "pk": 177, "fields": {"action_time": "2023-09-09T15:47:03.470Z", "user": 1, "content_type": 13, "object_id": "6", "object_repr": "Project 7", "action_flag": 2, "change_message": "[{\"changed\": {\"fields\": [\"Funds used\"]}}]"}}, {"model": "admin.logentry", "pk": 178, "fields": {"action_time": "2023-09-09T15:49:26.656Z", "user": 1, "content_type": 13, "object_id": "17", "object_repr": "project exclusive", "action_flag": 2, "change_message": "[{\"changed\": {\"fields\": [\"Funds used\"]}}]"}}, {"model": "admin.logentry", "pk": 179, "fields": {"action_time": "2023-09-09T15:57:34.047Z", "user": 1, "content_type": 13, "object_id": "17", "object_repr": "project exclusive", "action_flag": 2, "change_message": "[{\"changed\": {\"fields\": [\"Funds used\"]}}]"}}, {"model": "admin.logentry", "pk": 180, "fields": {"action_time": "2023-09-09T17:56:37.653Z", "user": 1, "content_type": 13, "object_id": "17", "object_repr": "project exclusive", "action_flag": 2, "change_message": "[{\"changed\": {\"fields\": [\"Funds used\"]}}]"}}, {"model": "admin.logentry", "pk": 181, "fields": {"action_time": "2023-09-10T07:51:01.835Z", "user": 1, "content_type": 13, "object_id": "17", "object_repr": "project exclusive", "action_flag": 2, "change_message": "[{\"changed\": {\"fields\": [\"Funds used\"]}}]"}}, {"model": "admin.logentry", "pk": 182, "fields": {"action_time": "2023-09-10T12:17:29.443Z", "user": 1, "content_type": 13, "object_id": "13", "object_repr": "Project 5", "action_flag": 2, "change_message": "[{\"changed\": {\"fields\": [\"Funds used\"]}}]"}}, {"model": "admin.logentry", "pk": 183, "fields": {"action_time": "2023-09-13T11:31:06.692Z", "user": 1, "content_type": 16, "object_id": "1", "object_repr": "systematic", "action_flag": 1, "change_message": "[{\"added\": {}}]"}}, {"model": "admin.logentry", "pk": 184, "fields": {"action_time": "2023-09-13T11:31:17.032Z", "user": 1, "content_type": 16, "object_id": "2", "object_repr": "releasing", "action_flag": 1, "change_message": "[{\"added\": {}}]"}}, {"model": "admin.logentry", "pk": 185, "fields": {"action_time": "2023-09-13T11:33:27.751Z", "user": 1, "content_type": 13, "object_id": "17", "object_repr": "project exclusive", "action_flag": 2, "change_message": "[{\"changed\": {\"fields\": [\"Project category\"]}}]"}}, {"model": "admin.logentry", "pk": 186, "fields": {"action_time": "2023-09-14T14:43:39.058Z", "user": 1, "content_type": 13, "object_id": "13", "object_repr": "Project 5", "action_flag": 2, "change_message": "[{\"changed\": {\"fields\": [\"Project category\", \"Progress\"]}}]"}}, {"model": "admin.logentry", "pk": 187, "fields": {"action_time": "2023-09-14T14:44:25.093Z", "user": 1, "content_type": 13, "object_id": "5", "object_repr": "Project 6", "action_flag": 2, "change_message": "[{\"changed\": {\"fields\": [\"Project category\", \"Progress\"]}}]"}}, {"model": "admin.logentry", "pk": 188, "fields": {"action_time": "2023-09-14T16:13:44.551Z", "user": 1, "content_type": 13, "object_id": "17", "object_repr": "project exclusive", "action_flag": 2, "change_message": "[{\"changed\": {\"fields\": [\"Progress\"]}}]"}}, {"model": "admin.logentry", "pk": 189, "fields": {"action_time": "2023-09-15T08:08:48.938Z", "user": 1, "content_type": 13, "object_id": "13", "object_repr": "Project 5", "action_flag": 2, "change_message": "[{\"changed\": {\"fields\": [\"Funds used\"]}}]"}}, {"model": "admin.logentry", "pk": 190, "fields": {"action_time": "2023-09-15T08:21:10.051Z", "user": 1, "content_type": 13, "object_id": "17", "object_repr": "project exclusive", "action_flag": 2, "change_message": "[{\"changed\": {\"fields\": [\"Progress\"]}}]"}}, {"model": "admin.logentry", "pk": 191, "fields": {"action_time": "2023-09-15T08:22:13.812Z", "user": 1, "content_type": 13, "object_id": "8", "object_repr": "Project LSL", "action_flag": 2, "change_message": "[{\"changed\": {\"fields\": [\"Project category\"]}}]"}}, {"model": "admin.logentry", "pk": 192, "fields": {"action_time": "2023-09-15T08:23:22.011Z", "user": 1, "content_type": 13, "object_id": "17", "object_repr": "project exclusive", "action_flag": 2, "change_message": "[{\"changed\": {\"fields\": [\"Progress\"]}}]"}}, {"model": "admin.logentry", "pk": 193, "fields": {"action_time": "2023-09-15T08:23:57.262Z", "user": 1, "content_type": 13, "object_id": "17", "object_repr": "project exclusive", "action_flag": 2, "change_message": "[{\"changed\": {\"fields\": [\"Progress\"]}}]"}}, {"model": "admin.logentry", "pk": 194, "fields": {"action_time": "2023-09-15T08:24:17.722Z", "user": 1, "content_type": 13, "object_id": "17", "object_repr": "project exclusive", "action_flag": 2, "change_message": "[{\"changed\": {\"fields\": [\"Progress\"]}}]"}}, {"model": "admin.logentry", "pk": 195, "fields": {"action_time": "2023-09-15T08:24:53.885Z", "user": 1, "content_type": 13, "object_id": "16", "object_repr": "Project 7_1", "action_flag": 2, "change_message": "[{\"changed\": {\"fields\": [\"Project category\", \"Progress\"]}}]"}}, {"model": "admin.logentry", "pk": 196, "fields": {"action_time": "2023-09-15T08:25:13.346Z", "user": 1, "content_type": 13, "object_id": "13", "object_repr": "Project 5", "action_flag": 2, "change_message": "[{\"changed\": {\"fields\": [\"Progress\"]}}]"}}, {"model": "admin.logentry", "pk": 197, "fields": {"action_time": "2023-09-15T08:25:50.839Z", "user": 1, "content_type": 13, "object_id": "8", "object_repr": "Project LSL", "action_flag": 2, "change_message": "[{\"changed\": {\"fields\": [\"Progress\"]}}]"}}, {"model": "admin.logentry", "pk": 198, "fields": {"action_time": "2023-09-15T08:26:10.769Z", "user": 1, "content_type": 13, "object_id": "6", "object_repr": "Project 7", "action_flag": 2, "change_message": "[{\"changed\": {\"fields\": [\"Project category\", \"Progress\"]}}]"}}, {"model": "admin.logentry", "pk": 199, "fields": {"action_time": "2023-09-15T08:26:25.714Z", "user": 1, "content_type": 13, "object_id": "5", "object_repr": "Project 6", "action_flag": 2, "change_message": "[{\"changed\": {\"fields\": [\"Progress\"]}}]"}}, {"model": "admin.logentry", "pk": 200, "fields": {"action_time": "2023-09-15T08:26:41.278Z", "user": 1, "content_type": 13, "object_id": "17", "object_repr": "project exclusive", "action_flag": 2, "change_message": "[{\"changed\": {\"fields\": [\"Progress\"]}}]"}}, {"model": "admin.logentry", "pk": 201, "fields": {"action_time": "2023-09-15T08:26:53.864Z", "user": 1, "content_type": 13, "object_id": "16", "object_repr": "Project 7_1", "action_flag": 2, "change_message": "[{\"changed\": {\"fields\": [\"Progress\"]}}]"}}, {"model": "admin.logentry", "pk": 202, "fields": {"action_time": "2023-09-15T08:27:08.791Z", "user": 1, "content_type": 13, "object_id": "13", "object_repr": "Project 5", "action_flag": 2, "change_message": "[{\"changed\": {\"fields\": [\"Progress\"]}}]"}}, {"model": "admin.logentry", "pk": 203, "fields": {"action_time": "2023-09-15T08:27:27.041Z", "user": 1, "content_type": 13, "object_id": "8", "object_repr": "Project LSL", "action_flag": 2, "change_message": "[{\"changed\": {\"fields\": [\"Progress\"]}}]"}}, {"model": "admin.logentry", "pk": 204, "fields": {"action_time": "2023-09-15T08:27:43.162Z", "user": 1, "content_type": 13, "object_id": "6", "object_repr": "Project 7", "action_flag": 2, "change_message": "[{\"changed\": {\"fields\": [\"Progress\"]}}]"}}, {"model": "admin.logentry", "pk": 205, "fields": {"action_time": "2023-09-15T08:27:59.405Z", "user": 1, "content_type": 13, "object_id": "5", "object_repr": "Project 6", "action_flag": 2, "change_message": "[{\"changed\": {\"fields\": [\"Progress\"]}}]"}}, {"model": "admin.logentry", "pk": 206, "fields": {"action_time": "2023-09-15T08:28:12.897Z", "user": 1, "content_type": 13, "object_id": "17", "object_repr": "project exclusive", "action_flag": 2, "change_message": "[{\"changed\": {\"fields\": [\"Progress\"]}}]"}}, {"model": "admin.logentry", "pk": 207, "fields": {"action_time": "2023-09-15T08:28:23.003Z", "user": 1, "content_type": 13, "object_id": "16", "object_repr": "Project 7_1", "action_flag": 2, "change_message": "[{\"changed\": {\"fields\": [\"Progress\"]}}]"}}, {"model": "admin.logentry", "pk": 208, "fields": {"action_time": "2023-09-15T08:28:39.628Z", "user": 1, "content_type": 13, "object_id": "13", "object_repr": "Project 5", "action_flag": 2, "change_message": "[{\"changed\": {\"fields\": [\"Progress\"]}}]"}}, {"model": "admin.logentry", "pk": 209, "fields": {"action_time": "2023-09-15T08:28:55.576Z", "user": 1, "content_type": 13, "object_id": "8", "object_repr": "Project LSL", "action_flag": 2, "change_message": "[{\"changed\": {\"fields\": [\"Progress\"]}}]"}}, {"model": "admin.logentry", "pk": 210, "fields": {"action_time": "2023-09-15T08:29:10.030Z", "user": 1, "content_type": 13, "object_id": "6", "object_repr": "Project 7", "action_flag": 2, "change_message": "[]"}}, {"model": "admin.logentry", "pk": 211, "fields": {"action_time": "2023-09-15T08:31:11.659Z", "user": 1, "content_type": 13, "object_id": "6", "object_repr": "Project 7", "action_flag": 2, "change_message": "[{\"changed\": {\"fields\": [\"Progress\"]}}]"}}, {"model": "admin.logentry", "pk": 212, "fields": {"action_time": "2023-09-15T08:32:06.797Z", "user": 1, "content_type": 13, "object_id": "6", "object_repr": "Project 7", "action_flag": 2, "change_message": "[{\"changed\": {\"fields\": [\"Progress\"]}}]"}}, {"model": "admin.logentry", "pk": 213, "fields": {"action_time": "2023-09-18T16:00:27.285Z", "user": 1, "content_type": 12, "object_id": "43", "object_repr": "cumbersome project (priority: U)", "action_flag": 2, "change_message": "[{\"changed\": {\"fields\": [\"Is completed\"]}}]"}}, {"model": "admin.logentry", "pk": 214, "fields": {"action_time": "2023-09-18T16:25:16.511Z", "user": 1, "content_type": 12, "object_id": "42", "object_repr": "immaculate project (priority: U)", "action_flag": 2, "change_message": "[{\"changed\": {\"fields\": [\"Assignees\"]}}]"}}, {"model": "auth.permission", "pk": 1, "fields": {"name": "Can add log entry", "content_type": 1, "codename": "add_logentry"}}, {"model": "auth.permission", "pk": 2, "fields": {"name": "Can change log entry", "content_type": 1, "codename": "change_logentry"}}, {"model": "auth.permission", "pk": 3, "fields": {"name": "Can delete log entry", "content_type": 1, "codename": "delete_logentry"}}, {"model": "auth.permission", "pk": 4, "fields": {"name": "Can view log entry", "content_type": 1, "codename": "view_logentry"}}, {"model": "auth.permission", "pk": 5, "fields": {"name": "Can add permission", "content_type": 2, "codename": "add_permission"}}, {"model": "auth.permission", "pk": 6, "fields": {"name": "Can change permission", "content_type": 2, "codename": "change_permission"}}, {"model": "auth.permission", "pk": 7, "fields": {"name": "Can delete permission", "content_type": 2, "codename": "delete_permission"}}, {"model": "auth.permission", "pk": 8, "fields": {"name": "Can view permission", "content_type": 2, "codename": "view_permission"}}, {"model": "auth.permission", "pk": 9, "fields": {"name": "Can add group", "content_type": 3, "codename": "add_group"}}, {"model": "auth.permission", "pk": 10, "fields": {"name": "Can change group", "content_type": 3, "codename": "change_group"}}, {"model": "auth.permission", "pk": 11, "fields": {"name": "Can delete group", "content_type": 3, "codename": "delete_group"}}, {"model": "auth.permission", "pk": 12, "fields": {"name": "Can view group", "content_type": 3, "codename": "view_group"}}, {"model": "auth.permission", "pk": 13, "fields": {"name": "Can add content type", "content_type": 4, "codename": "add_contenttype"}}, {"model": "auth.permission", "pk": 14, "fields": {"name": "Can change content type", "content_type": 4, "codename": "change_contenttype"}}, {"model": "auth.permission", "pk": 15, "fields": {"name": "Can delete content type", "content_type": 4, "codename": "delete_contenttype"}}, {"model": "auth.permission", "pk": 16, "fields": {"name": "Can view content type", "content_type": 4, "codename": "view_contenttype"}}, {"model": "auth.permission", "pk": 17, "fields": {"name": "Can add session", "content_type": 5, "codename": "add_session"}}, {"model": "auth.permission", "pk": 18, "fields": {"name": "Can change session", "content_type": 5, "codename": "change_session"}}, {"model": "auth.permission", "pk": 19, "fields": {"name": "Can delete session", "content_type": 5, "codename": "delete_session"}}, {"model": "auth.permission", "pk": 20, "fields": {"name": "Can view session", "content_type": 5, "codename": "view_session"}}, {"model": "auth.permission", "pk": 21, "fields": {"name": "Can add user", "content_type": 6, "codename": "add_worker"}}, {"model": "auth.permission", "pk": 22, "fields": {"name": "Can change user", "content_type": 6, "codename": "change_worker"}}, {"model": "auth.permission", "pk": 23, "fields": {"name": "Can delete user", "content_type": 6, "codename": "delete_worker"}}, {"model": "auth.permission", "pk": 24, "fields": {"name": "Can view user", "content_type": 6, "codename": "view_worker"}}, {"model": "auth.permission", "pk": 25, "fields": {"name": "Can add position", "content_type": 7, "codename": "add_position"}}, {"model": "auth.permission", "pk": 26, "fields": {"name": "Can change position", "content_type": 7, "codename": "change_position"}}, {"model": "auth.permission", "pk": 27, "fields": {"name": "Can delete position", "content_type": 7, "codename": "delete_position"}}, {"model": "auth.permission", "pk": 28, "fields": {"name": "Can view position", "content_type": 7, "codename": "view_position"}}, {"model": "auth.permission", "pk": 29, "fields": {"name": "Can add tag", "content_type": 8, "codename": "add_tag"}}, {"model": "auth.permission", "pk": 30, "fields": {"name": "Can change tag", "content_type": 8, "codename": "change_tag"}}, {"model": "auth.permission", "pk": 31, "fields": {"name": "Can delete tag", "content_type": 8, "codename": "delete_tag"}}, {"model": "auth.permission", "pk": 32, "fields": {"name": "Can view tag", "content_type": 8, "codename": "view_tag"}}, {"model": "auth.permission", "pk": 33, "fields": {"name": "Can add task type", "content_type": 9, "codename": "add_tasktype"}}, {"model": "auth.permission", "pk": 34, "fields": {"name": "Can change task type", "content_type": 9, "codename": "change_tasktype"}}, {"model": "auth.permission", "pk": 35, "fields": {"name": "Can delete task type", "content_type": 9, "codename": "delete_tasktype"}}, {"model": "auth.permission", "pk": 36, "fields": {"name": "Can view task type", "content_type": 9, "codename": "view_tasktype"}}, {"model": "auth.permission", "pk": 37, "fields": {"name": "Can add team", "content_type": 10, "codename": "add_team"}}, {"model": "auth.permission", "pk": 38, "fields": {"name": "Can change team", "content_type": 10, "codename": "change_team"}}, {"model": "auth.permission", "pk": 39, "fields": {"name": "Can delete team", "content_type": 10, "codename": "delete_team"}}, {"model": "auth.permission", "pk": 40, "fields": {"name": "Can view team", "content_type": 10, "codename": "view_team"}}, {"model": "auth.permission", "pk": 41, "fields": {"name": "Can add task evaluation", "content_type": 11, "codename": "add_taskevaluation"}}, {"model": "auth.permission", "pk": 42, "fields": {"name": "Can change task evaluation", "content_type": 11, "codename": "change_taskevaluation"}}, {"model": "auth.permission", "pk": 43, "fields": {"name": "Can delete task evaluation", "content_type": 11, "codename": "delete_taskevaluation"}}, {"model": "auth.permission", "pk": 44, "fields": {"name": "Can view task evaluation", "content_type": 11, "codename": "view_taskevaluation"}}, {"model": "auth.permission", "pk": 45, "fields": {"name": "Can add task", "content_type": 12, "codename": "add_task"}}, {"model": "auth.permission", "pk": 46, "fields": {"name": "Can change task", "content_type": 12, "codename": "change_task"}}, {"model": "auth.permission", "pk": 47, "fields": {"name": "Can delete task", "content_type": 12, "codename": "delete_task"}}, {"model": "auth.permission", "pk": 48, "fields": {"name": "Can view task", "content_type": 12, "codename": "view_task"}}, {"model": "auth.permission", "pk": 49, "fields": {"name": "Can add project", "content_type": 13, "codename": "add_project"}}, {"model": "auth.permission", "pk": 50, "fields": {"name": "Can change project", "content_type": 13, "codename": "change_project"}}, {"model": "auth.permission", "pk": 51, "fields": {"name": "Can delete project", "content_type": 13, "codename": "delete_project"}}, {"model": "auth.permission", "pk": 52, "fields": {"name": "Can view project", "content_type": 13, "codename": "view_project"}}, {"model": "auth.permission", "pk": 53, "fields": {"name": "Can add tag", "content_type": 14, "codename": "add_tag"}}, {"model": "auth.permission", "pk": 54, "fields": {"name": "Can change tag", "content_type": 14, "codename": "change_tag"}}, {"model": "auth.permission", "pk": 55, "fields": {"name": "Can delete tag", "content_type": 14, "codename": "delete_tag"}}, {"model": "auth.permission", "pk": 56, "fields": {"name": "Can view tag", "content_type": 14, "codename": "view_tag"}}, {"model": "auth.permission", "pk": 57, "fields": {"name": "Can add tagged item", "content_type": 15, "codename": "add_taggeditem"}}, {"model": "auth.permission", "pk": 58, "fields": {"name": "Can change tagged item", "content_type": 15, "codename": "change_taggeditem"}}, {"model": "auth.permission", "pk": 59, "fields": {"name": "Can delete tagged item", "content_type": 15, "codename": "delete_taggeditem"}}, {"model": "auth.permission", "pk": 60, "fields": {"name": "Can view tagged item", "content_type": 15, "codename": "view_taggeditem"}}, {"model": "auth.permission", "pk": 61, "fields": {"name": "Can add project category", "content_type": 16, "codename": "add_projectcategory"}}, {"model": "auth.permission", "pk": 62, "fields": {"name": "Can change project category", "content_type": 16, "codename": "change_projectcategory"}}, {"model": "auth.permission", "pk": 63, "fields": {"name": "Can delete project category", "content_type": 16, "codename": "delete_projectcategory"}}, {"model": "auth.permission", "pk": 64, "fields": {"name": "Can view project category", "content_type": 16, "codename": "view_projectcategory"}}, {"model": "auth.permission", "pk": 65, "fields": {"name": "Can add worker evaluation", "content_type": 11, "codename": "add_workerevaluation"}}, {"model": "auth.permission", "pk": 66, "fields": {"name": "Can change worker evaluation", "content_type": 11, "codename": "change_workerevaluation"}}, {"model": "auth.permission", "pk": 67, "fields": {"name": "Can delete worker evaluation", "content_type": 11, "codename": "delete_workerevaluation"}}, {"model": "auth.permission", "pk": 68, "fields": {"name": "Can view worker evaluation", "content_type": 11, "codename": "view_workerevaluation"}}, {"model": "auth.permission", "pk": 69, "fields": {"name": "Can add project block", "content_type": 17, "codename": "add_projectblock"}}, {"model": "auth.permission", "pk": 70, "fields": {"name": "Can change project block", "content_type": 17, "codename": "change_projectblock"}}, {"model": "auth.permission", "pk": 71, "fields": {"name": "Can delete project block", "content_type": 17, "codename": "delete_projectblock"}}, {"model": "auth.permission", "pk": 72, "fields": {"name": "Can view project block", "content_type": 17, "codename": "view_projectblock"}}, {"model": "contenttypes.contenttype", "pk": 1, "fields": {"app_label": "admin", "model": "logentry"}}, {"model": "contenttypes.contenttype", "pk": 2, "fields": {"app_label": "auth", "model": "permission"}}, {"model": "contenttypes.contenttype", "pk": 3, "fields": {"app_label": "auth", "model": "group"}}, {"model": "contenttypes.contenttype", "pk": 4, "fields": {"app_label": "contenttypes", "model": "contenttype"}}, {"model": "contenttypes.contenttype", "pk": 5, "fields": {"app_label": "sessions", "model": "session"}}, {"model": "contenttypes.contenttype", "pk": 6, "fields": {"app_label": "tasks", "model": "worker"}}, {"model": "contenttypes.contenttype", "pk": 7, "fields": {"app_label": "tasks", "model": "position"}}, {"model": "contenttypes.contenttype", "pk": 8, "fields": {"app_label": "tasks", "model": "tag"}}, {"model": "contenttypes.contenttype", "pk": 9, "fields": {"app_label": "tasks", "model": "tasktype"}}, {"model": "contenttypes.contenttype", "pk": 10, "fields": {"app_label": "tasks", "model": "team"}}, {"model": "contenttypes.contenttype", "pk": 11, "fields": {"app_label": "tasks", "model": "workerevaluation"}}, {"model": "contenttypes.contenttype", "pk": 12, "fields": {"app_label": "tasks", "model": "task"}}, {"model": "contenttypes.contenttype", "pk": 13, "fields": {"app_label": "tasks", "model": "project"}}, {"model": "contenttypes.contenttype", "pk": 14, "fields": {"app_label": "taggit", "model": "tag"}}, {"model": "contenttypes.contenttype", "pk": 15, "fields": {"app_label": "taggit", "model": "taggeditem"}}, {"model": "contenttypes.contenttype", "pk": 16, "fields": {"app_label": "tasks", "model": "projectcategory"}}, {"model": "contenttypes.contenttype", "pk": 17, "fields": {"app_label": "tasks", "model": "projectblock"}}, {"model": "sessions.session", "pk": "0tg8o0np7mwrbsokdpla7idsfy92zqm9", "fields": {"session_data": ".eJxVjEEOwiAQRe_C2hCYTim4dO8ZyACDVA0kpV0Z765NutDtf-_9l_C0rcVvnRc_J3EWWpx-t0DxwXUH6U711mRsdV3mIHdFHrTLa0v8vBzu30GhXr61sxgB0Q56zIbZsRuVypMl0IwJtENtVA7KkA0WcrRGBRyiAkCeMBnx_gC8yTbn:1qgnSg:HP8eTTw-Zi1Q5ShBTOwx2CKeFwvzg2SmgSaRVYKFsUQ", "expire_date": "2023-09-28T14:36:54.385Z"}}, {"model": "sessions.session", "pk": "4vmj2yt6t9qruleui4tf2rk040tnacuk", "fields": {"session_data": ".eJxVjEEOwiAQRe_C2hCYTim4dO8ZyACDVA0kpV0Z765NutDtf-_9l_C0rcVvnRc_J3EWWpx-t0DxwXUH6U711mRsdV3mIHdFHrTLa0v8vBzu30GhXr61sxgB0Q56zIbZsRuVypMl0IwJtENtVA7KkA0WcrRGBRyiAkCeMBnx_gC8yTbn:1qcioW:gwMQwxauo6dR0RiS29uo6hkdgHkXPQtO6_VyMpepUBQ", "expire_date": "2023-09-17T08:50:36.940Z"}}, {"model": "sessions.session", "pk": "5r2w983i1hprn5ubm4wkutwubd08jjwe", "fields": {"session_data": ".eJxVjEEOwiAQRe_C2hCYTim4dO8ZyACDVA0kpV0Z765NutDtf-_9l_C0rcVvnRc_J3EWWpx-t0DxwXUH6U711mRsdV3mIHdFHrTLa0v8vBzu30GhXr61sxgB0Q56zIbZsRuVypMl0IwJtENtVA7KkA0WcrRGBRyiAkCeMBnx_gC8yTbn:1qgRfM:fFWCZ2msqm2vZITq15o9OOdtmCO2moOIBtg7bY1Nw_Q", "expire_date": "2023-09-27T15:20:32.563Z"}}, {"model": "sessions.session", "pk": "8dms5p3p49ktxgypcjjyqdnlhpd23tp3", "fields": {"session_data": ".eJxVjEEOwiAQRe_C2hCYTim4dO8ZyACDVA0kpV0Z765NutDtf-_9l_C0rcVvnRc_J3EWWpx-t0DxwXUH6U711mRsdV3mIHdFHrTLa0v8vBzu30GhXr61sxgB0Q56zIbZsRuVypMl0IwJtENtVA7KkA0WcrRGBRyiAkCeMBnx_gC8yTbn:1qiuQT:qvLBAlKJUkIv6N-N_Ja7M0hAccUXt8tKiXYO-_0MS4U", "expire_date": "2023-10-04T10:27:21.792Z"}}, {"model": "sessions.session", "pk": "beiyw10gpjz7rf3k04cklnjxivqskndh", "fields": {"session_data": ".eJxVjEEOwiAQRe_C2hCYTim4dO8ZyACDVA0kpV0Z765NutDtf-_9l_C0rcVvnRc_J3EWWpx-t0DxwXUH6U711mRsdV3mIHdFHrTLa0v8vBzu30GhXr61sxgB0Q56zIbZsRuVypMl0IwJtENtVA7KkA0WcrRGBRyiAkCeMBnx_gC8yTbn:1qfjC9:wDpJEC2po1PcsXqwdvmgGJaDD69SPmrwoQYPTBn-9Vg", "expire_date": "2023-09-25T15:51:25.613Z"}}, {"model": "sessions.session", "pk": "fded8rgmx0f5jl4iidb8ruemzs4w830h", "fields": {"session_data": ".eJxVjEEOwiAQRe_C2hCYTim4dO8ZyACDVA0kpV0Z765NutDtf-_9l_C0rcVvnRc_J3EWWpx-t0DxwXUH6U711mRsdV3mIHdFHrTLa0v8vBzu30GhXr61sxgB0Q56zIbZsRuVypMl0IwJtENtVA7KkA0WcrRGBRyiAkCeMBnx_gC8yTbn:1qhCPD:uSSvfYAFUqNSuqARbNrIryNZ4phnf4M6EwkQFny-oLM", "expire_date": "2023-09-29T17:14:59.696Z"}}, {"model": "sessions.session", "pk": "ff7tavhtlowjgo7lm5i9vhksclroha8r", "fields": {"session_data": ".eJxVjEEOwiAQRe_C2hCYTim4dO8ZyACDVA0kpV0Z765NutDtf-_9l_C0rcVvnRc_J3EWWpx-t0DxwXUH6U711mRsdV3mIHdFHrTLa0v8vBzu30GhXr61sxgB0Q56zIbZsRuVypMl0IwJtENtVA7KkA0WcrRGBRyiAkCeMBnx_gC8yTbn:1qbhWq:JIci5aBnnl3dsNL3j6ujeJ_Ka5BoTNIUPSnvjzY8j3c", "expire_date": "2023-09-14T13:16:08.541Z"}}, {"model": "sessions.session", "pk": "hrlcousoszixiveu5gseas6rq0k66501", "fields": {"session_data": ".eJxVjEEOwiAQRe_C2hCYTim4dO8ZyACDVA0kpV0Z765NutDtf-_9l_C0rcVvnRc_J3EWWpx-t0DxwXUH6U711mRsdV3mIHdFHrTLa0v8vBzu30GhXr61sxgB0Q56zIbZsRuVypMl0IwJtENtVA7KkA0WcrRGBRyiAkCeMBnx_gC8yTbn:1qg06E:ebGWSmLO4fh9vSDjMMpuSJSF3LJoCXbbisFEiMveKCU", "expire_date": "2023-09-26T09:54:26.409Z"}}, {"model": "sessions.session", "pk": "jmltjfqjb3j9q9m8npq90768l0on7bvu", "fields": {"session_data": ".eJxVjEEOwiAQRe_C2hCYTim4dO8ZyACDVA0kpV0Z765NutDtf-_9l_C0rcVvnRc_J3EWWpx-t0DxwXUH6U711mRsdV3mIHdFHrTLa0v8vBzu30GhXr61sxgB0Q56zIbZsRuVypMl0IwJtENtVA7KkA0WcrRGBRyiAkCeMBnx_gC8yTbn:1qdRPr:SAxJKUP_Zwh-fJVlZdJwenfep0REdI1Z8Qi2Xagfs9I", "expire_date": "2023-09-19T08:28:07.189Z"}}, {"model": "sessions.session", "pk": "pnuuvtg2b93hy0swz3t8sm6150d162p6", "fields": {"session_data": ".eJxVjEEOwiAQRe_C2hCYTim4dO8ZyACDVA0kpV0Z765NutDtf-_9l_C0rcVvnRc_J3EWWpx-t0DxwXUH6U711mRsdV3mIHdFHrTLa0v8vBzu30GhXr61sxgB0Q56zIbZsRuVypMl0IwJtENtVA7KkA0WcrRGBRyiAkCeMBnx_gC8yTbn:1qdW1O:_WDTXoSFtQvjLjI6M76DxT_jMU7zwp9Gw7rPJPDJNN4", "expire_date": "2023-09-19T13:23:10.856Z"}}, {"model": "sessions.session", "pk": "vm5e2jo8vcv6040q480hdhy9i5bo1zar", "fields": {"session_data": ".eJxVjEEOwiAQRe_C2hCYTim4dO8ZyACDVA0kpV0Z765NutDtf-_9l_C0rcVvnRc_J3EWWpx-t0DxwXUH6U711mRsdV3mIHdFHrTLa0v8vBzu30GhXr61sxgB0Q56zIbZsRuVypMl0IwJtENtVA7KkA0WcrRGBRyiAkCeMBnx_gC8yTbn:1qdwah:Bw8mJSFK_34gbnJWgGan_CWJbuSGDOYjtM3-Il2d6CU", "expire_date": "2023-09-20T17:45:23.907Z"}}, {"model": "sessions.session", "pk": "w5psnhmmk3d3haqq4kd2x7nekpk9rxgo", "fields": {"session_data": ".eJxVjEEOwiAQRe_C2hCYTim4dO8ZyACDVA0kpV0Z765NutDtf-_9l_C0rcVvnRc_J3EWWpx-t0DxwXUH6U711mRsdV3mIHdFHrTLa0v8vBzu30GhXr61sxgB0Q56zIbZsRuVypMl0IwJtENtVA7KkA0WcrRGBRyiAkCeMBnx_gC8yTbn:1qbg9R:nEdJnrGUkzRruzzKb56IMT6N07uQuVuiy04KADhJ0XI", "expire_date": "2023-09-14T11:47:53.960Z"}}, {"model": "sessions.session", "pk": "y0kinm14y3xos0b4aqrgornkidckjeqi", "fields": {"session_data": ".eJxVjEEOwiAQRe_C2hCYTim4dO8ZyACDVA0kpV0Z765NutDtf-_9l_C0rcVvnRc_J3EWWpx-t0DxwXUH6U711mRsdV3mIHdFHrTLa0v8vBzu30GhXr61sxgB0Q56zIbZsRuVypMl0IwJtENtVA7KkA0WcrRGBRyiAkCeMBnx_gC8yTbn:1qhAWX:IxVW1gOpp49AjC6yoDwE8Bs-P7d2WVobST0ZvPNJ4Fs", "expire_date": "2023-09-29T15:14:25.922Z"}}, {"model": "sessions.session", "pk": "yk5f7lthmui9hp9ffqdbqfx6otj5i1r8", "fields": {"session_data": ".eJxVjEEOwiAQRe_C2hCYTim4dO8ZyACDVA0kpV0Z765NutDtf-_9l_C0rcVvnRc_J3EWWpx-t0DxwXUH6U711mRsdV3mIHdFHrTLa0v8vBzu30GhXr61sxgB0Q56zIbZsRuVypMl0IwJtENtVA7KkA0WcrRGBRyiAkCeMBnx_gC8yTbn:1qiZFh:I_2nB2oFclFFhSktaReXmwXMXj5zaOfTRfbflCAkVOo", "expire_date": "2023-10-03T11:50:49.383Z"}}, {"model": "sessions.session", "pk": "zga144u5k6pgllpxvad29qggkmm44kws", "fields": {"session_data": ".eJxVjEEOwiAQRe_C2hCYTim4dO8ZyACDVA0kpV0Z765NutDtf-_9l_C0rcVvnRc_J3EWWpx-t0DxwXUH6U711mRsdV3mIHdFHrTLa0v8vBzu30GhXr61sxgB0Q56zIbZsRuVypMl0IwJtENtVA7KkA0WcrRGBRyiAkCeMBnx_gC8yTbn:1qeWEN:MKQj0K0ThS9NeyhomaZdFb4A0WvyU-y9oyy9we6fYd4", "expire_date": "2023-09-22T07:48:43.442Z"}}, {"model": "sessions.session", "pk": "zvhsgzpsc0fhwg7ld89gv2fquiruxgip", "fields": {"session_data": ".eJxVjEEOwiAQRe_C2hCYTim4dO8ZyACDVA0kpV0Z765NutDtf-_9l_C0rcVvnRc_J3EWWpx-t0DxwXUH6U711mRsdV3mIHdFHrTLa0v8vBzu30GhXr61sxgB0Q56zIbZsRuVypMl0IwJtENtVA7KkA0WcrRGBRyiAkCeMBnx_gC8yTbn:1qdu39:ri9HtXUzkwFVSoBW2RNayJNO2oftWmHXocotlTXFuKY", "expire_date": "2023-09-20T15:02:35.500Z"}}, {"model": "sessions.session", "pk": "zz0fkeh7v0alg2fo9ej9guyo8cwckjmk", "fields": {"session_data": ".eJxVjEEOwiAQRe_C2hCYTim4dO8ZyACDVA0kpV0Z765NutDtf-_9l_C0rcVvnRc_J3EWWpx-t0DxwXUH6U711mRsdV3mIHdFHrTLa0v8vBzu30GhXr61sxgB0Q56zIbZsRuVypMl0IwJtENtVA7KkA0WcrRGBRyiAkCeMBnx_gC8yTbn:1qdpHu:qhUNI4LBebU4PUFCBwmxjDwUwLJjGrlT9DWkHKxluGY", "expire_date": "2023-09-20T09:57:30.786Z"}}, {"model": "tasks.tasktype", "pk": 1, "fields": {"name": "functioning", "depiction": "vertyl"}}, {"model": "tasks.tasktype", "pk": 2, "fields": {"name": "design", "depiction": "exterior"}}, {"model": "tasks.projectcategory", "pk": 1, "fields": {"name": "systematic", "depiction": ""}}, {"model": "tasks.projectcategory", "pk": 2, "fields": {"name": "releasing", "depiction": ""}}, {"model": "tasks.position", "pk": 1, "fields": {"name": "Developer", "duties": "dddddddddddddddddddddddddddd"}}, {"model": "tasks.position", "pk": 2, "fields": {"name": "Architect", "duties": "duties 2;\r\nduties 3;\r\nduties 4;\r\nduties 5;"}}, {"model": "tasks.team", "pk": 1, "fields": {"name": "impetious"}}, {"model": "tasks.team", "pk": 2, "fields": {"name": "frontrunners"}}, {"model": "tasks.worker", "pk": 1, "fields": {"password": "pbkdf2_sha256$600000$VdFdyPqz26BuUOMKizWYXZ$pdeso+bNMhsqyprOvJwI4d42geE7qt9CMS01aAXarDQ=", "last_login": "2023-09-20T10:27:21.775Z", "is_superuser": true, "username": "victoria", "first_name": "Victoria", "last_name": "Wilmington", "email": "lank@gmal.com", "is_staff": true, "is_active": true, "date_joined": "2023-08-31T11:46:13Z", "position": null, "rating_points": 15, "team": [], "user_permissions": [], "groups": []}}, {"model": "tasks.worker", "pk": 2, "fields": {"password": "pbkdf2_sha256$600000$5SDSjgWYC02lN6jPC7syaF$Z+QkLBVmDq+wTCmy7vTT3e2kiY0xrOwaxPlNYQakdS0=", "last_login": null, "is_superuser": false, "username": "valerie", "first_name": "Varia", "last_name": "Chernenko", "email": "", "is_staff": false, "is_active": true, "date_joined": "2023-08-31T11:50:14Z", "position": null, "rating_points": 19, "team": [], "user_permissions": [], "groups": []}}, {"model": "tasks.worker", "pk": 3, "fields": {"password": "pbkdf2_sha256$600000$K8E19iQ03rgD4wUf23U0lT$pu5mDg6cr3EF3BIT0El3DD9jr+x0xlV4D8G+iAzWj/A=", "last_login": null, "is_superuser": false, "username": "wildcat", "first_name": "", "last_name": "", "email": "", "is_staff": false, "is_active": true, "date_joined": "2023-09-07T15:27:26.830Z", "position": 1, "rating_points": 0, "team": [], "user_permissions": [], "groups": []}}, {"model": "tasks.worker", "pk": 4, "fields": {"password": "pbkdf2_sha256$600000$CrtaVKewGbFUhahZOySGMq$LZct8bB/MNjfbDVg79WiXd3ZjORU5saMsz8gEkIVr8Y=", "last_login": null, "is_superuser": false, "username": "sparklelady", "first_name": "Jean", "last_name": "Ferguson", "email": "", "is_staff": false, "is_active": true, "date_joined": "2023-09-07T15:28:37Z", "position": 1, "rating_points": 0, "team": [], "user_permissions": [], "groups": []}}, {"model": "tasks.worker", "pk": 5, "fields": {"password": "pbkdf2_sha256$600000$q97f84F48wXO6khJaxPJXw$CSr7RC77qZwkKY0Px1/jE0c89sU4m0PFFN8m0qnX5WM=", "last_login": null, "is_superuser": false, "username": "celestial", "first_name": "", "last_name": "", "email": "", "is_staff": false, "is_active": true, "date_joined": "2023-09-07T15:31:41.079Z", "position": 2, "rating_points": 0, "team": [], "user_permissions": [], "groups": []}}, {"model": "tasks.worker", "pk": 6, "fields": {"password": "pbkdf2_sha256$600000$SKd7UYVbXMlTv0DAklptNz$21lLmWowVGgXLmOP2mNjFcNizG/WKP3nMdAbg+eBKHQ=", "last_login": null, "is_superuser": true, "username": "donovan", "first_name": "", "last_name": "", "email": "don@gmail.com", "is_staff": true, "is_active": true, "date_joined": "2023-09-15T16:15:37.603Z", "position": null, "rating_points": 0, "team": [], "user_permissions": [], "groups": []}}, {"model": "tasks.workerevaluation", "pk": 1, "fields": {"evaluator": 1, "worker": 1, "score": 5}}, {"model": "tasks.workerevaluation", "pk": 2, "fields": {"evaluator": 1, "worker": 2, "score": 4}}, {"model": "tasks.project", "pk": 5, "fields": {"name": "Project 6", "depiction": "easy", "priority": "A", "time_constraints": "2023-09-07", "project_category": 1, "budget": "200.00", "funds_used": "200.00", "progress": "98.00", "team": []}}, {"model": "tasks.project", "pk": 6, "fields": {"name": "Project 7-1", "depiction": "easy", "priority": "A", "time_constraints": "2023-09-07", "project_category": 1, "budget": "250.00", "funds_used": "250.00", "progress": "80.00", "team": []}}, {"model": "tasks.project", "pk": 8, "fields": {"name": "Project LSL", "depiction": "average", "priority": "A", "time_constraints": "2023-09-22", "project_category": 1, "budget": "200.00", "funds_used": "200.00", "progress": "98.00", "team": []}}, {"model": "tasks.project", "pk": 13, "fields": {"name": "Project 5", "depiction": "easy", "priority": "A", "time_constraints": "2023-09-07", "project_category": 1, "budget": "200.00", "funds_used": "200.00", "progress": "98.00", "team": []}}, {"model": "tasks.project", "pk": 16, "fields": {"name": "Project 7_1", "depiction": "easy", "priority": "A", "time_constraints": "2023-09-07", "project_category": 1, "budget": "250.00", "funds_used": "250.00", "progress": "98.00", "team": []}}, {"model": "tasks.project", "pk": 17, "fields": {"name": "project exclusive", "depiction": "average", "priority": "A", "time_constraints": "2023-10-05", "project_category": 1, "budget": "20000.00", "funds_used": "18000.00", "progress": "98.00", "team": []}}, {"model": "tasks.project", "pk": 18, "fields": {"name": "Leeway project-2", "depiction": "average", "priority": "U", "time_constraints": "2023-09-29", "project_category": 1, "budget": "20000.00", "funds_used": "0.00", "progress": "0.00", "team": []}}, {"model": "tasks.task", "pk": 1, "fields": {"name": "create design of page", "depiction": "easy", "project": null, "block": null, "time_constraints": "2023-09-20", "is_completed": false, "priority": "U", "task_type": 1, "assignees": [1], "user_permissions": []}}, {"model": "tasks.task", "pk": 2, "fields": {"name": "create design of page 2_1", "depiction": "easy", "project": null, "block": null, "time_constraints": "2023-09-09", "is_completed": false, "priority": "U", "task_type": 2, "assignees": [2], "user_permissions": []}}, {"model": "tasks.task", "pk": 3, "fields": {"name": "creating button for task panel", "depiction": "average", "project": null, "block": null, "time_constraints": "2023-09-08", "is_completed": false, "priority": "U", "task_type": 2, "assignees": [1], "user_permissions": []}}, {"model": "tasks.task", "pk": 4, "fields": {"name": "Task ABC", "depiction": "easy", "project": null, "block": null, "time_constraints": "2023-09-07", "is_completed": false, "priority": "A", "task_type": 1, "assignees": [2], "user_permissions": []}}, {"model": "tasks.task", "pk": 5, "fields": {"name": "Task ASF", "depiction": "fgfgfs", "project": null, "block": null, "time_constraints": "2023-10-06", "is_completed": false, "priority": "U", "task_type": 1, "assignees": [2], "user_permissions": []}}, {"model": "tasks.task", "pk": 6, "fields": {"name": "Task experimental", "depiction": "easy", "project": null, "block": null, "time_constraints": "2023-10-06", "is_completed": false, "priority": "A", "task_type": 1, "assignees": [2, 1], "user_permissions": []}}, {"model": "tasks.task", "pk": 7, "fields": {"name": "Task ex 2", "depiction": "easy", "project": null, "block": null, "time_constraints": "2023-10-05", "is_completed": false, "priority": "A", "task_type": 1, "assignees": [2, 1], "user_permissions": []}}, {"model": "tasks.task", "pk": 8, "fields": {"name": "Task ex 3", "depiction": "easy", "project": null, "block": null, "time_constraints": "2023-10-04", "is_completed": false, "priority": "U", "task_type": 1, "assignees": [2, 1], "user_permissions": []}}, {"model": "tasks.task", "pk": 9, "fields": {"name": "TASK BIG", "depiction": "easy", "project": null, "block": null, "time_constraints": "2023-10-05", "is_completed": false, "priority": "A", "task_type": 1, "assignees": [2, 1], "user_permissions": []}}, {"model": "tasks.task", "pk": 10, "fields": {"name": "TASK NEW", "depiction": "easy", "project": null, "block": null, "time_constraints": "2023-10-04", "is_completed": false, "priority": "A", "task_type": 1, "assignees": [2, 1], "user_permissions": []}}, {"model": "tasks.task", "pk": 11, "fields": {"name": "TASK NEW", "depiction": "easy", "project": null, "block": null, "time_constraints": "2023-10-04", "is_completed": false, "priority": "A", "task_type": 1, "assignees": [2, 1], "user_permissions": []}}, {"model": "tasks.task", "pk": 12, "fields": {"name": "EXPERT", "depiction": "easy", "project": null, "block": null, "time_constraints": "2023-10-06", "is_completed": false, "priority": "A", "task_type": 2, "assignees": [2, 1], "user_permissions": []}}, {"model": "tasks.task", "pk": 14, "fields": {"name": "Task special", "depiction": "easy", "project": null, "block": null, "time_constraints": "2023-10-05", "is_completed": false, "priority": "A", "task_type": 1, "assignees": [2, 1], "user_permissions": []}}, {"model": "tasks.task", "pk": 15, "fields": {"name": "Task RRR-4", "depiction": "easy", "project": null, "block": null, "time_constraints": "2023-09-07", "is_completed": false, "priority": "A", "task_type": 1, "assignees": [2, 1], "user_permissions": []}}, {"model": "tasks.task", "pk": 16, "fields": {"name": "Task RRR", "depiction": "easy", "project": null, "block": null, "time_constraints": "2023-09-07", "is_completed": false, "priority": "A", "task_type": 1, "assignees": [2, 1], "user_permissions": []}}, {"model": "tasks.task", "pk": 17, "fields": {"name": "Task RRR", "depiction": "easy", "project": null, "block": null, "time_constraints": "2023-09-07", "is_completed": false, "priority": "A", "task_type": 1, "assignees": [2, 1], "user_permissions": []}}, {"model": "tasks.task", "pk": 18, "fields": {"name": "create design of page", "depiction": "easy", "project": null, "block": null, "time_constraints": "2023-09-08", "is_completed": false, "priority": "U", "task_type": 2, "assignees": [1], "user_permissions": []}}, {"model": "tasks.task", "pk": 19, "fields": {"name": "Task GG", "depiction": "some stuff", "project": null, "block": null, "time_constraints": "2023-10-05", "is_completed": false, "priority": "A", "task_type": 1, "assignees": [2, 1], "user_permissions": []}}, {"model": "tasks.task", "pk": 20, "fields": {"name": "create design of page", "depiction": "easy", "project": null, "block": null, "time_constraints": "2023-09-15", "is_completed": false, "priority": "U", "task_type": 1, "assignees": [1], "user_permissions": []}}, {"model": "tasks.task", "pk": 21, "fields": {"name": "create design of page", "depiction": "easy", "project": null, "block": null, "time_constraints": "2023-09-15", "is_completed": false, "priority": "U", "task_type": 1, "assignees": [1], "user_permissions": []}}, {"model": "tasks.task", "pk": 22, "fields": {"name": "create design of page", "depiction": "easy", "project": null, "block": null, "time_constraints": "2023-09-20", "is_completed": false, "priority": "U", "task_type": 1, "assignees": [1], "user_permissions": []}}, {"model": "tasks.task", "pk": 23, "fields": {"name": "TASK LSL", "depiction": "easy", "project": null, "block": null, "time_constraints": "2023-10-06", "is_completed": false, "priority": "A", "task_type": 1, "assignees": [2], "user_permissions": []}}, {"model": "tasks.task", "pk": 24, "fields": {"name": "create design of page 2_1", "depiction": "easy", "project": null, "block": null, "time_constraints": "2023-09-09", "is_completed": false, "priority": "U", "task_type": 2, "assignees": [2], "user_permissions": []}}, {"model": "tasks.task", "pk": 25, "fields": {"name": "Task AAA", "depiction": "average", "project": null, "block": null, "time_constraints": "2023-10-06", "is_completed": false, "priority": "A", "task_type": 1, "assignees": [2], "user_permissions": []}}, {"model": "tasks.task", "pk": 26, "fields": {"name": "Task suplementary", "depiction": "average", "project": null, "block": null, "time_constraints": "2023-09-27", "is_completed": false, "priority": "A", "task_type": 1, "assignees": [2, 1], "user_permissions": []}}, {"model": "tasks.task", "pk": 29, "fields": {"name": "Testing task", "depiction": "easy", "project": null, "block": null, "time_constraints": "2023-10-05", "is_completed": false, "priority": "A", "task_type": 1, "assignees": [2, 4], "user_permissions": []}}, {"model": "tasks.task", "pk": 30, "fields": {"name": "scv", "depiction": "EASY", "project": null, "block": null, "time_constraints": "2023-09-21", "is_completed": false, "priority": "A", "task_type": 1, "assignees": [2, 4], "user_permissions": []}}, {"model": "tasks.task", "pk": 31, "fields": {"name": "SSS", "depiction": "average", "project": null, "block": null, "time_constraints": "2023-10-04", "is_completed": false, "priority": "A", "task_type": 1, "assignees": [2, 4], "user_permissions": []}}, {"model": "tasks.task", "pk": 32, "fields": {"name": "XXXL", "depiction": "average", "project": null, "block": null, "time_constraints": "2023-10-03", "is_completed": false, "priority": "A", "task_type": 1, "assignees": [2, 4], "user_permissions": []}}, {"model": "tasks.task", "pk": 33, "fields": {"name": "Task for test", "depiction": "average", "project": null, "block": null, "time_constraints": "2023-09-28", "is_completed": false, "priority": "S", "task_type": 1, "assignees": [1], "user_permissions": []}}, {"model": "tasks.task", "pk": 34, "fields": {"name": "Manageable task", "depiction": "average", "project": null, "block": null, "time_constraints": "2023-09-29", "is_completed": false, "priority": "U", "task_type": 1, "assignees": [1], "user_permissions": []}}, {"model": "tasks.task", "pk": 35, "fields": {"name": "Smart task", "depiction": "average", "project": null, "block": null, "time_constraints": "2023-09-13", "is_completed": false, "priority": "U", "task_type": 1, "assignees": [1], "user_permissions": []}}, {"model": "tasks.task", "pk": 36, "fields": {"name": "Task GGG", "depiction": "average", "project": null, "block": null, "time_constraints": "2023-10-05", "is_completed": false, "priority": "U", "task_type": 1, "assignees": [], "user_permissions": []}}, {"model": "tasks.task", "pk": 37, "fields": {"name": "XL", "depiction": "average", "project": null, "block": null, "time_constraints": "2023-09-25", "is_completed": false, "priority": "U", "task_type": 1, "assignees": [], "user_permissions": []}}, {"model": "tasks.task", "pk": 38, "fields": {"name": "XXL", "depiction": "average", "project": null, "block": null, "time_constraints": "2023-09-25", "is_completed": false, "priority": "U", "task_type": 1, "assignees": [1], "user_permissions": []}}, {"model": "tasks.task", "pk": 39, "fields": {"name": "XXXXL", "depiction": "average", "project": null, "block": null, "time_constraints": "2023-10-05", "is_completed": true, "priority": "U", "task_type": 1, "assignees": [1], "user_permissions": []}}, {"model": "tasks.task", "pk": 40, "fields": {"name": "XXXXXL", "depiction": "average", "project": null, "block": null, "time_constraints": "2023-10-04", "is_completed": true, "priority": "U", "task_type": 1, "assignees": [], "user_permissions": []}}, {"model": "tasks.task", "pk": 41, "fields": {"name": "BOOMER", "depiction": "easy", "project": null, "block": null, "time_constraints": "2023-10-04", "is_completed": true, "priority": "U", "task_type": 1, "assignees": [], "user_permissions": []}}, {"model": "tasks.task", "pk": 42, "fields": {"name": "immaculate project", "depiction": "average", "project": null, "block": null, "time_constraints": "2023-10-05", "is_completed": false, "priority": "U", "task_type": 1, "assignees": [1], "user_permissions": []}}, {"model": "tasks.task", "pk": 43, "fields": {"name": "cumbersome project", "depiction": "average", "project": null, "block": null, "time_constraints": "2023-10-05", "is_completed": true, "priority": "U", "task_type": 1, "assignees": [1], "user_permissions": []}}, {"model": "taggit.tag", "pk": 1, "fields": {"name": "button", "slug": "button"}}, {"model": "taggit.tag", "pk": 2, "fields": {"name": "tag", "slug": "tag"}}, {"model": "taggit.tag", "pk": 3, "fields": {"name": "random", "slug": "random"}}, {"model": "taggit.tag", "pk": 4, "fields": {"name": "fsfkjdha", "slug": "fsfkjdha"}}, {"model": "taggit.tag", "pk": 5, "fields": {"name": "sdfadsj", "slug": "sdfadsj"}}, {"model": "taggit.tag", "pk": 6, "fields": {"name": "sdkfjadh", "slug": "sdkfjadh"}}, {"model": "taggit.tag", "pk": 7, "fields": {"name": "dfadd", "slug": "dfadd"}}, {"model": "taggit.tag", "pk": 8, "fields": {"name": "dsadskasdj", "slug": "dsadskasdj"}}, {"model": "taggit.tag", "pk": 9, "fields": {"name": "2", "slug": "2"}}, {"model": "taggit.tag", "pk": 10, "fields": {"name": "ghg", "slug": "ghg"}}, {"model": "taggit.tag", "pk": 11, "fields": {"name": "Tag2", "slug": "tag2"}}, {"model": "taggit.tag", "pk": 12, "fields": {"name": "fgfg", "slug": "fgfg"}}, {"model": "taggit.tag", "pk": 13, "fields": {"name": "hjhjh", "slug": "hjhjh"}}, {"model": "taggit.tag", "pk": 14, "fields": {"name": "fgf", "slug": "fgf"}}, {"model": "taggit.tag", "pk": 15, "fields": {"name": "Tag1", "slug": "tag1"}}, {"model": "taggit.tag", "pk": 16, "fields": {"name": "fgfh", "slug": "fgfh"}}, {"model": "taggit.tag", "pk": 17, "fields": {"name": "tag 3", "slug": "tag-3"}}, {"model": "taggit.tag", "pk": 18, "fields": {"name": "tag 4", "slug": "tag-4"}}, {"model": "taggit.tag", "pk": 19, "fields": {"name": "tag 5", "slug": "tag-5"}}, {"model": "taggit.tag", "pk": 20, "fields": {"name": "tag 2", "slug": "tag-2"}}, {"model": "taggit.tag", "pk": 21, "fields": {"name": "fggf", "slug": "fggf"}}, {"model": "taggit.tag", "pk": 22, "fields": {"name": "werty", "slug": "werty"}}, {"model": "taggit.tag", "pk": 23, "fields": {"name": "âàï", "slug": "âàï"}}, {"model": "taggit.tag", "pk": 24, "fields": {"name": "asd", "slug": "asd"}}, {"model": "taggit.tag", "pk": 25, "fields": {"name": "asdf", "slug": "asdf"}}, {"model": "taggit.tag", "pk": 26, "fields": {"name": "dfg", "slug": "dfg"}}, {"model": "taggit.tag", "pk": 27, "fields": {"name": "èòèü", "slug": "èòèü"}}, {"model": "taggit.tag", "pk": 28, "fields": {"name": "ñìì", "slug": "ñìì"}}, {"model": "taggit.tag", "pk": 29, "fields": {"name": "ôûâ", "slug": "ôûâ"}}, {"model": "taggit.tag", "pk": 30, "fields": {"name": "ûàì ì", "slug": "ûàì-ì"}}, {"model": "taggit.tag", "pk": 31, "fields": {"name": "÷ñàâ", "slug": "÷ñàâ"}}, {"model": "taggit.tag", "pk": 32, "fields": {"name": "èòüî", "slug": "èòüî"}}, {"model": "taggit.tag", "pk": 33, "fields": {"name": "ÿ÷ÿñ", "slug": "ÿ÷ÿñ"}}, {"model": "taggit.tag", "pk": 34, "fields": {"name": "ñìè", "slug": "ñìè"}}, {"model": "taggit.tag", "pk": 35, "fields": {"name": "ôûâà", "slug": "ôûâà"}}, {"model": "taggit.tag", "pk": 36, "fields": {"name": "åíãø", "slug": "åíãø"}}, {"model": "taggit.tag", "pk": 37, "fields": {"name": "ìñì", "slug": "ìñì"}}, {"model": "taggit.tag", "pk": 38, "fields": {"name": "òðí", "slug": "òðí"}}, {"model": "taggit.tag", "pk": 39, "fields": {"name": "÷ñìè", "slug": "÷ñìè"}}, {"model": "taggit.tag", "pk": 40, "fields": {"name": "÷ó", "slug": "÷ó"}}, {"model": "taggit.tag", "pk": 41, "fields": {"name": "èòü", "slug": "èòü"}}, {"model": "taggit.tag", "pk": 42, "fields": {"name": "âààâ", "slug": "âààâ"}}, {"model": "taggit.tag", "pk": 43, "fields": {"name": "x", "slug": "x"}}, {"model": "taggit.tag", "pk": 44, "fields": {"name": "ZXC", "slug": "zxc"}}, {"model": "taggit.tag", "pk": 45, "fields": {"name": "edc", "slug": "edc"}}, {"model": "taggit.tag", "pk": 46, "fields": {"name": "WSX", "slug": "wsx"}}, {"model": "taggit.tag", "pk": 47, "fields": {"name": "TGB", "slug": "tgb"}}, {"model": "taggit.tag", "pk": 48, "fields": {"name": "qaz", "slug": "qaz"}}, {"model": "taggit.tag", "pk": 49, "fields": {"name": "RFV", "slug": "rfv"}}, {"model": "taggit.tag", "pk": 50, "fields": {"name": "UJM", "slug": "ujm"}}, {"model": "taggit.tag", "pk": 51, "fields": {"name": "yhn", "slug": "yhn"}}, {"model": "taggit.tag", "pk": 52, "fields": {"name": "uio", "slug": "uio"}}, {"model": "taggit.tag", "pk": 53, "fields": {"name": "qwe", "slug": "qwe"}}, {"model": "taggit.tag", "pk": 54, "fields": {"name": "rty", "slug": "rty"}}, {"model": "taggit.tag", "pk": 55, "fields": {"name": "bnmkiuj", "slug": "bnmkiuj"}}, {"model": "taggit.tag", "pk": 56, "fields": {"name": "aasdfgghhj", "slug": "aasdfgghhj"}}, {"model": "taggit.tag", "pk": 57, "fields": {"name": "VFR", "slug": "vfr"}}, {"model": "taggit.tag", "pk": 58, "fields": {"name": "qasdcv", "slug": "qasdcv"}}, {"model": "taggit.tag", "pk": 59, "fields": {"name": "qwertyu", "slug": "qwertyu"}}, {"model": "taggit.tag", "pk": 60, "fields": {"name": "1", "slug": "1"}}, {"model": "taggit.tag", "pk": 61, "fields": {"name": "qwerty", "slug": "qwerty"}}, {"model": "taggit.tag", "pk": 62, "fields": {"name": "tag3", "slug": "tag3"}}, {"model": "taggit.taggeditem", "pk": 4, "fields": {"tag": 4, "content_type": 12, "object_id": 3}}, {"model": "taggit.taggeditem", "pk": 5, "fields": {"tag": 5, "content_type": 12, "object_id": 3}}, {"model": "taggit.taggeditem", "pk": 6, "fields": {"tag": 6, "content_type": 12, "object_id": 3}}, {"model": "taggit.taggeditem", "pk": 7, "fields": {"tag": 7, "content_type": 12, "object_id": 3}}, {"model": "taggit.taggeditem", "pk": 9, "fields": {"tag": 9, "content_type": 12, "object_id": 4}}, {"model": "taggit.taggeditem", "pk": 10, "fields": {"tag": 2, "content_type": 12, "object_id": 4}}, {"model": "taggit.taggeditem", "pk": 11, "fields": {"tag": 10, "content_type": 12, "object_id": 5}}, {"model": "taggit.taggeditem", "pk": 12, "fields": {"tag": 11, "content_type": 12, "object_id": 5}}, {"model": "taggit.taggeditem", "pk": 13, "fields": {"tag": 12, "content_type": 12, "object_id": 5}}, {"model": "taggit.taggeditem", "pk": 14, "fields": {"tag": 13, "content_type": 12, "object_id": 5}}, {"model": "taggit.taggeditem", "pk": 15, "fields": {"tag": 14, "content_type": 12, "object_id": 5}}, {"model": "taggit.taggeditem", "pk": 16, "fields": {"tag": 15, "content_type": 12, "object_id": 5}}, {"model": "taggit.taggeditem", "pk": 17, "fields": {"tag": 16, "content_type": 12, "object_id": 5}}, {"model": "taggit.taggeditem", "pk": 18, "fields": {"tag": 17, "content_type": 12, "object_id": 6}}, {"model": "taggit.taggeditem", "pk": 19, "fields": {"tag": 18, "content_type": 12, "object_id": 6}}, {"model": "taggit.taggeditem", "pk": 20, "fields": {"tag": 19, "content_type": 12, "object_id": 6}}, {"model": "taggit.taggeditem", "pk": 21, "fields": {"tag": 20, "content_type": 12, "object_id": 6}}, {"model": "taggit.taggeditem", "pk": 22, "fields": {"tag": 21, "content_type": 12, "object_id": 7}}, {"model": "taggit.taggeditem", "pk": 23, "fields": {"tag": 22, "content_type": 12, "object_id": 10}}, {"model": "taggit.taggeditem", "pk": 24, "fields": {"tag": 23, "content_type": 12, "object_id": 11}}, {"model": "taggit.taggeditem", "pk": 25, "fields": {"tag": 24, "content_type": 12, "object_id": 12}}, {"model": "taggit.taggeditem", "pk": 26, "fields": {"tag": 25, "content_type": 12, "object_id": 12}}, {"model": "taggit.taggeditem", "pk": 27, "fields": {"tag": 26, "content_type": 12, "object_id": 12}}, {"model": "taggit.taggeditem", "pk": 44, "fields": {"tag": 24, "content_type": 12, "object_id": 14}}, {"model": "taggit.taggeditem", "pk": 45, "fields": {"tag": 42, "content_type": 12, "object_id": 14}}, {"model": "taggit.taggeditem", "pk": 48, "fields": {"tag": 2, "content_type": 12, "object_id": 26}}, {"model": "taggit.taggeditem", "pk": 49, "fields": {"tag": 43, "content_type": 12, "object_id": 26}}, {"model": "taggit.taggeditem", "pk": 52, "fields": {"tag": 48, "content_type": 12, "object_id": 29}}, {"model": "taggit.taggeditem", "pk": 53, "fields": {"tag": 45, "content_type": 12, "object_id": 29}}, {"model": "taggit.taggeditem", "pk": 54, "fields": {"tag": 46, "content_type": 12, "object_id": 29}}, {"model": "taggit.taggeditem", "pk": 55, "fields": {"tag": 47, "content_type": 12, "object_id": 29}}, {"model": "taggit.taggeditem", "pk": 56, "fields": {"tag": 45, "content_type": 12, "object_id": 30}}, {"model": "taggit.taggeditem", "pk": 57, "fields": {"tag": 46, "content_type": 12, "object_id": 30}}, {"model": "taggit.taggeditem", "pk": 58, "fields": {"tag": 48, "content_type": 12, "object_id": 30}}, {"model": "taggit.taggeditem", "pk": 59, "fields": {"tag": 49, "content_type": 12, "object_id": 30}}, {"model": "taggit.taggeditem", "pk": 60, "fields": {"tag": 50, "content_type": 12, "object_id": 30}}, {"model": "taggit.taggeditem", "pk": 61, "fields": {"tag": 51, "content_type": 12, "object_id": 30}}, {"model": "taggit.taggeditem", "pk": 62, "fields": {"tag": 52, "content_type": 12, "object_id": 31}}, {"model": "taggit.taggeditem", "pk": 63, "fields": {"tag": 53, "content_type": 12, "object_id": 31}}, {"model": "taggit.taggeditem", "pk": 64, "fields": {"tag": 54, "content_type": 12, "object_id": 31}}, {"model": "taggit.taggeditem", "pk": 65, "fields": {"tag": 55, "content_type": 12, "object_id": 32}}, {"model": "taggit.taggeditem", "pk": 66, "fields": {"tag": 56, "content_type": 12, "object_id": 32}}, {"model": "taggit.taggeditem", "pk": 67, "fields": {"tag": 57, "content_type": 12, "object_id": 32}}, {"model": "taggit.taggeditem", "pk": 68, "fields": {"tag": 58, "content_type": 12, "object_id": 32}}, {"model": "taggit.taggeditem", "pk": 69, "fields": {"tag": 59, "content_type": 12, "object_id": 32}}, {"model": "taggit.taggeditem", "pk": 72, "fields": {"tag": 61, "content_type": 13, "object_id": 5}}]